lowP.fasta,FWR1,0,.,Lethal,
lowP.fasta,FWR1,0,E,Lethal,
lowP.fasta,FWR1,0,K,Neutral,
lowP.fasta,FWR1,0,M,Lethal,
lowP.fasta,FWR1,0,N,Lethal,
lowP.fasta,FWR1,0,Q,Neutral,
lowP.fasta,FWR1,0,R,Lethal,
lowP.fasta,FWR1,0,T,Lethal,
lowP.fasta,FWR1,1,A,Lethal,
lowP.fasta,FWR1,1,H,Lethal,
lowP.fasta,FWR1,1,L,Lethal,
lowP.fasta,FWR1,1,P,Neutral,
lowP.fasta,FWR1,1,R,Lethal,
lowP.fasta,FWR1,1,S,Neutral,
lowP.fasta,FWR1,1,T,Neutral,
lowP.fasta,FWR1,1,V,Neutral,
lowP.fasta,FWR1,2,A,Neutral,
lowP.fasta,FWR1,2,C,Lethal,
lowP.fasta,FWR1,2,E,Neutral,
lowP.fasta,FWR1,2,G,Neutral,
lowP.fasta,FWR1,2,R,Lethal,
lowP.fasta,FWR1,2,V,Neutral,
lowP.fasta,FWR1,2,W,Neutral,
lowP.fasta,FWR1,3,A,Lethal,
lowP.fasta,FWR1,3,C,Lethal,
lowP.fasta,FWR1,3,F,Neutral,
lowP.fasta,FWR1,3,L,Neutral,
lowP.fasta,FWR1,3,P,Lethal,
lowP.fasta,FWR1,3,S,Neutral,
lowP.fasta,FWR1,3,T,Neutral,
lowP.fasta,FWR1,3,Y,Neutral,
lowP.fasta,FWR1,4,.,Lethal,
lowP.fasta,FWR1,4,A,Lethal,
lowP.fasta,FWR1,4,L,Neutral,
lowP.fasta,FWR1,4,P,Lethal,
lowP.fasta,FWR1,4,S,Neutral,
lowP.fasta,FWR1,4,T,Lethal,
lowP.fasta,FWR1,4,W,Lethal,
lowP.fasta,FWR1,5,A,Lethal,
lowP.fasta,FWR1,5,E,Lethal,
lowP.fasta,FWR1,5,F,Neutral,
lowP.fasta,FWR1,5,G,Neutral,
lowP.fasta,FWR1,5,H,Neutral,
lowP.fasta,FWR1,5,L,Neutral,
lowP.fasta,FWR1,5,M,Neutral,
lowP.fasta,FWR1,5,V,Neutral,
lowP.fasta,FWR1,6,.,Lethal,
lowP.fasta,FWR1,6,E,Lethal,
lowP.fasta,FWR1,6,K,Neutral,
lowP.fasta,FWR1,6,M,Neutral,
lowP.fasta,FWR1,6,N,Lethal,
lowP.fasta,FWR1,6,Q,Neutral,
lowP.fasta,FWR1,6,R,Lethal,
lowP.fasta,FWR1,6,T,Neutral,
lowP.fasta,FWR1,6,V,Lethal,
lowP.fasta,FWR1,7,A,Neutral,
lowP.fasta,FWR1,7,D,Neutral,
lowP.fasta,FWR1,7,F,Lethal,
lowP.fasta,FWR1,7,G,Lethal,
lowP.fasta,FWR1,7,I,Neutral,
lowP.fasta,FWR1,7,L,Neutral,
lowP.fasta,FWR1,7,M,Lethal,
lowP.fasta,FWR1,7,V,Neutral,
lowP.fasta,FWR1,8,A,Neutral,
lowP.fasta,FWR1,8,C,Neutral,
lowP.fasta,FWR1,8,F,Lethal,
lowP.fasta,FWR1,8,H,Neutral,
lowP.fasta,FWR1,8,P,Neutral,
lowP.fasta,FWR1,8,S,Neutral,
lowP.fasta,FWR1,8,T,Lethal,
lowP.fasta,FWR1,8,W,Lethal,
lowP.fasta,FWR1,8,Y,Neutral,
lowP.fasta,FWR1,9,.,Lethal,
lowP.fasta,FWR1,9,A,Lethal,
lowP.fasta,FWR1,9,C,Neutral,
lowP.fasta,FWR1,9,F,Neutral,
lowP.fasta,FWR1,9,G,Neutral,
lowP.fasta,FWR1,9,R,Neutral,
lowP.fasta,FWR1,9,S,Neutral,
lowP.fasta,FWR1,9,W,Neutral,
lowP.fasta,FWR1,9,Y,Neutral,
lowP.fasta,FWR1,10,.,Lethal,
lowP.fasta,FWR1,10,E,Neutral,
lowP.fasta,FWR1,10,K,Neutral,
lowP.fasta,FWR1,10,M,Lethal,
lowP.fasta,FWR1,10,N,Neutral,
lowP.fasta,FWR1,10,Q,Lethal,
lowP.fasta,FWR1,10,R,Neutral,
lowP.fasta,FWR1,10,T,Lethal,
lowP.fasta,FWR1,11,A,Neutral,
lowP.fasta,FWR1,11,D,Neutral,
lowP.fasta,FWR1,11,E,Lethal,
lowP.fasta,FWR1,11,G,Neutral,
lowP.fasta,FWR1,11,P,Lethal,
lowP.fasta,FWR1,11,S,Neutral,
lowP.fasta,FWR1,11,T,Neutral,
lowP.fasta,FWR1,11,V,Lethal,
lowP.fasta,FWR1,12,A,Lethal,
lowP.fasta,FWR1,12,C,Neutral,
lowP.fasta,FWR1,12,F,Neutral,
lowP.fasta,FWR1,12,P,Lethal,
lowP.fasta,FWR1,12,S,Neutral,
lowP.fasta,FWR1,12,T,Neutral,
lowP.fasta,FWR1,12,Y,Lethal,
lowP.fasta,FWR1,13,.,Lethal,
lowP.fasta,FWR1,13,A,Neutral,
lowP.fasta,FWR1,13,E,Neutral,
lowP.fasta,FWR1,13,G,Neutral,
lowP.fasta,FWR1,13,R,Lethal,
lowP.fasta,FWR1,13,V,Neutral,
lowP.fasta,FWR1,14,.,Lethal,
lowP.fasta,FWR1,14,A,Lethal,
lowP.fasta,FWR1,14,C,Lethal,
lowP.fasta,FWR1,14,D,Neutral,
lowP.fasta,FWR1,14,G,Neutral,
lowP.fasta,FWR1,14,I,Neutral,
lowP.fasta,FWR1,14,R,Neutral,
lowP.fasta,FWR1,14,S,Neutral,
lowP.fasta,FWR1,14,T,Lethal,
lowP.fasta,FWR1,14,V,Neutral,
lowP.fasta,FWR1,15,A,Lethal,
lowP.fasta,FWR1,15,I,Lethal,
lowP.fasta,FWR1,15,N,Lethal,
lowP.fasta,FWR1,15,P,Neutral,
lowP.fasta,FWR1,15,S,Neutral,
lowP.fasta,FWR1,15,T,Neutral,
lowP.fasta,FWR1,16,C,Lethal,
lowP.fasta,FWR1,16,D,Lethal,
lowP.fasta,FWR1,16,F,Neutral,
lowP.fasta,FWR1,16,I,Neutral,
lowP.fasta,FWR1,16,L,Lethal,
lowP.fasta,FWR1,16,S,Neutral,
lowP.fasta,FWR1,16,T,Lethal,
lowP.fasta,FWR1,16,V,Neutral,
lowP.fasta,FWR1,16,Y,Lethal,
lowP.fasta,FWR1,17,C,Lethal,
lowP.fasta,FWR1,17,G,Lethal,
lowP.fasta,FWR1,17,I,Lethal,
lowP.fasta,FWR1,17,N,Neutral,
lowP.fasta,FWR1,17,R,Lethal,
lowP.fasta,FWR1,17,S,Neutral,
lowP.fasta,FWR1,17,T,Lethal,
lowP.fasta,FWR1,18,C,Neutral,
lowP.fasta,FWR1,18,G,Lethal,
lowP.fasta,FWR1,18,I,Neutral,
lowP.fasta,FWR1,18,N,Lethal,
lowP.fasta,FWR1,18,P,Lethal,
lowP.fasta,FWR1,18,R,Lethal,
lowP.fasta,FWR1,18,S,Neutral,
lowP.fasta,FWR1,18,T,Neutral,
lowP.fasta,FWR1,19,.,Lethal,
lowP.fasta,FWR1,19,C,Lethal,
lowP.fasta,FWR1,19,D,Lethal,
lowP.fasta,FWR1,19,F,Neutral,
lowP.fasta,FWR1,19,H,Lethal,
lowP.fasta,FWR1,19,N,Neutral,
lowP.fasta,FWR1,19,S,Lethal,
lowP.fasta,FWR1,19,Y,Neutral,
lowP.fasta,FWR1,20,A,Neutral,
lowP.fasta,FWR1,20,D,Neutral,
lowP.fasta,FWR1,20,G,Neutral,
lowP.fasta,FWR1,20,P,Lethal,
lowP.fasta,FWR1,20,S,Lethal,
lowP.fasta,FWR1,20,T,Neutral,
lowP.fasta,FWR1,20,V,Lethal,
lowP.fasta,FWR1,21,F,Neutral,
lowP.fasta,FWR1,21,H,Lethal,
lowP.fasta,FWR1,21,I,Neutral,
lowP.fasta,FWR1,21,L,Lethal,
lowP.fasta,FWR1,21,M,Lethal,
lowP.fasta,FWR1,21,N,Neutral,
lowP.fasta,FWR1,21,S,Neutral,
lowP.fasta,FWR1,21,T,Lethal,
lowP.fasta,FWR1,21,V,Lethal,
lowP.fasta,FWR1,22,C,Neutral,
lowP.fasta,FWR1,22,G,Neutral,
lowP.fasta,FWR1,22,I,Lethal,
lowP.fasta,FWR1,22,K,Lethal,
lowP.fasta,FWR1,22,N,Neutral,
lowP.fasta,FWR1,22,R,Lethal,
lowP.fasta,FWR1,22,S,Neutral,
lowP.fasta,FWR1,22,T,Neutral,
lowP.fasta,FWR1,23,.,Lethal,
lowP.fasta,FWR1,23,C,Lethal,
lowP.fasta,FWR1,23,G,Neutral,
lowP.fasta,FWR1,23,L,Neutral,
lowP.fasta,FWR1,23,R,Neutral,
lowP.fasta,FWR1,23,S,Neutral,
lowP.fasta,FWR1,23,W,Neutral,
lowP.fasta,FWR1,23,Y,Neutral,
lowP.fasta,FWR1,32766,,Neutral,
lowP.fasta,FWR2,0,A,Neutral,
lowP.fasta,FWR2,0,C,Lethal,
lowP.fasta,FWR2,0,D,Lethal,
lowP.fasta,FWR2,0,F,,
lowP.fasta,FWR2,0,G,Neutral,
lowP.fasta,FWR2,0,H,Lethal,
lowP.fasta,FWR2,0,I,,
lowP.fasta,FWR2,0,L,Neutral,
lowP.fasta,FWR2,0,M,Lethal,
lowP.fasta,FWR2,0,N,Lethal,
lowP.fasta,FWR2,0,P,Neutral,
lowP.fasta,FWR2,0,R,Lethal,
lowP.fasta,FWR2,0,S,,
lowP.fasta,FWR2,0,T,Neutral,
lowP.fasta,FWR2,0,V,,
lowP.fasta,FWR2,0,Y,Lethal,
lowP.fasta,FWR2,1,.,Lethal,
lowP.fasta,FWR2,1,A,Neutral,
lowP.fasta,FWR2,1,D,Neutral,
lowP.fasta,FWR2,1,E,Neutral,
lowP.fasta,FWR2,1,G,Lethal,
lowP.fasta,FWR2,1,K,Neutral,
lowP.fasta,FWR2,1,N,Lethal,
lowP.fasta,FWR2,1,Q,Neutral,
lowP.fasta,FWR2,1,S,Lethal,
lowP.fasta,FWR2,1,T,Lethal,
lowP.fasta,FWR2,1,V,Lethal,
lowP.fasta,FWR2,1,Y,Lethal,
lowP.fasta,FWR2,2,.,Lethal,
lowP.fasta,FWR2,2,C,Lethal,
lowP.fasta,FWR2,2,E,Lethal,
lowP.fasta,FWR2,2,F,Neutral,
lowP.fasta,FWR2,2,G,Neutral,
lowP.fasta,FWR2,2,L,Neutral,
lowP.fasta,FWR2,2,P,Lethal,
lowP.fasta,FWR2,2,R,Lethal,
lowP.fasta,FWR2,2,S,Lethal,
lowP.fasta,FWR2,2,V,Neutral,
lowP.fasta,FWR2,2,W,Neutral,
lowP.fasta,FWR2,3,A,Lethal,
lowP.fasta,FWR2,3,E,Lethal,
lowP.fasta,FWR2,3,G,Neutral,
lowP.fasta,FWR2,3,I,Lethal,
lowP.fasta,FWR2,3,K,Lethal,
lowP.fasta,FWR2,3,L,Neutral,
lowP.fasta,FWR2,3,M,Neutral,
lowP.fasta,FWR2,3,Q,Neutral,
lowP.fasta,FWR2,3,R,Neutral,
lowP.fasta,FWR2,3,S,Lethal,
lowP.fasta,FWR2,3,T,Lethal,
lowP.fasta,FWR2,3,V,Lethal,
lowP.fasta,FWR2,3,W,Lethal,
lowP.fasta,FWR2,4,.,Lethal,
lowP.fasta,FWR2,4,A,Lethal,
lowP.fasta,FWR2,4,C,Neutral,
lowP.fasta,FWR2,4,D,Neutral,
lowP.fasta,FWR2,4,E,Lethal,
lowP.fasta,FWR2,4,G,Neutral,
lowP.fasta,FWR2,4,K,Lethal,
lowP.fasta,FWR2,4,L,Neutral,
lowP.fasta,FWR2,4,R,Lethal,
lowP.fasta,FWR2,4,S,Neutral,
lowP.fasta,FWR2,4,V,Lethal,
lowP.fasta,FWR2,5,.,Lethal,
lowP.fasta,FWR2,5,A,Neutral,
lowP.fasta,FWR2,5,C,Lethal,
lowP.fasta,FWR2,5,E,Lethal,
lowP.fasta,FWR2,5,G,Neutral,
lowP.fasta,FWR2,5,I,Neutral,
lowP.fasta,FWR2,5,K,Neutral,
lowP.fasta,FWR2,5,L,Lethal,
lowP.fasta,FWR2,5,M,Neutral,
lowP.fasta,FWR2,5,N,Neutral,
lowP.fasta,FWR2,5,Q,Lethal,
lowP.fasta,FWR2,5,R,Neutral,
lowP.fasta,FWR2,5,S,Neutral,
lowP.fasta,FWR2,5,T,Lethal,
lowP.fasta,FWR2,5,V,Neutral,
lowP.fasta,FWR2,5,W,Lethal,
lowP.fasta,FWR2,6,F,Lethal,
lowP.fasta,FWR2,6,G,Lethal,
lowP.fasta,FWR2,6,I,Neutral,
lowP.fasta,FWR2,6,K,Lethal,
lowP.fasta,FWR2,6,L,Neutral,
lowP.fasta,FWR2,6,M,Lethal,
lowP.fasta,FWR2,6,N,Neutral,
lowP.fasta,FWR2,6,R,Neutral,
lowP.fasta,FWR2,6,S,Neutral,
lowP.fasta,FWR2,6,T,Lethal,
lowP.fasta,FWR2,6,V,Neutral,
lowP.fasta,FWR2,7,D,Neutral,
lowP.fasta,FWR2,7,F,Lethal,
lowP.fasta,FWR2,7,I,Neutral,
lowP.fasta,FWR2,7,K,Lethal,
lowP.fasta,FWR2,7,L,Neutral,
lowP.fasta,FWR2,7,M,Neutral,
lowP.fasta,FWR2,7,N,Lethal,
lowP.fasta,FWR2,7,P,Neutral,
lowP.fasta,FWR2,7,R,Lethal,
lowP.fasta,FWR2,7,S,Neutral,
lowP.fasta,FWR2,7,T,Lethal,
lowP.fasta,FWR2,7,V,Lethal,
lowP.fasta,FWR2,7,Y,Neutral,
lowP.fasta,FWR2,8,A,Lethal,
lowP.fasta,FWR2,8,C,Lethal,
lowP.fasta,FWR2,8,D,Lethal,
lowP.fasta,FWR2,8,F,Neutral,
lowP.fasta,FWR2,8,H,Neutral,
lowP.fasta,FWR2,8,L,Lethal,
lowP.fasta,FWR2,8,P,Neutral,
lowP.fasta,FWR2,8,R,Neutral,
lowP.fasta,FWR2,8,S,Neutral,
lowP.fasta,FWR2,8,T,Lethal,
lowP.fasta,FWR2,8,Y,Neutral,
lowP.fasta,FWR2,9,F,Lethal,
lowP.fasta,FWR2,9,I,Neutral,
lowP.fasta,FWR2,9,K,Lethal,
lowP.fasta,FWR2,9,L,Neutral,
lowP.fasta,FWR2,9,M,Lethal,
lowP.fasta,FWR2,9,N,Neutral,
lowP.fasta,FWR2,9,S,Neutral,
lowP.fasta,FWR2,9,T,Lethal,
lowP.fasta,FWR2,9,V,Neutral,
lowP.fasta,FWR2,10,C,Lethal,
lowP.fasta,FWR2,10,F,Neutral,
lowP.fasta,FWR2,10,H,Lethal,
lowP.fasta,FWR2,10,I,Neutral,
lowP.fasta,FWR2,10,L,Neutral,
lowP.fasta,FWR2,10,M,Neutral,
lowP.fasta,FWR2,10,P,Neutral,
lowP.fasta,FWR2,10,S,Neutral,
lowP.fasta,FWR2,10,T,Lethal,
lowP.fasta,FWR2,10,V,Lethal,
lowP.fasta,FWR2,10,W,Neutral,
lowP.fasta,FWR2,10,Y,Lethal,
lowP.fasta,FWR2,11,.,Lethal,
lowP.fasta,FWR2,11,A,Lethal,
lowP.fasta,FWR2,11,C,Neutral,
lowP.fasta,FWR2,11,D,Neutral,
lowP.fasta,FWR2,11,E,Lethal,
lowP.fasta,FWR2,11,F,Lethal,
lowP.fasta,FWR2,11,G,Neutral,
lowP.fasta,FWR2,11,H,Neutral,
lowP.fasta,FWR2,11,I,Neutral,
lowP.fasta,FWR2,11,L,Neutral,
lowP.fasta,FWR2,11,R,Lethal,
lowP.fasta,FWR2,11,S,Neutral,
lowP.fasta,FWR2,11,V,Neutral,
lowP.fasta,FWR2,11,W,Lethal,
lowP.fasta,FWR2,12,A,Lethal,
lowP.fasta,FWR2,12,I,Neutral,
lowP.fasta,FWR2,12,K,Neutral,
lowP.fasta,FWR2,12,M,Neutral,
lowP.fasta,FWR2,12,N,Neutral,
lowP.fasta,FWR2,12,P,Lethal,
lowP.fasta,FWR2,12,R,Lethal,
lowP.fasta,FWR2,12,S,Neutral,
lowP.fasta,FWR2,12,T,Neutral,
lowP.fasta,FWR2,12,V,Neutral,
lowP.fasta,FWR2,13,A,Neutral,
lowP.fasta,FWR2,13,D,Neutral,
lowP.fasta,FWR2,13,E,Neutral,
lowP.fasta,FWR2,13,G,Lethal,
lowP.fasta,FWR2,13,I,Neutral,
lowP.fasta,FWR2,13,K,Lethal,
lowP.fasta,FWR2,13,P,Lethal,
lowP.fasta,FWR2,13,Q,Neutral,
lowP.fasta,FWR2,13,S,Lethal,
lowP.fasta,FWR2,13,T,Neutral,
lowP.fasta,FWR2,13,V,Lethal,
lowP.fasta,FWR2,14,.,Lethal,
lowP.fasta,FWR2,14,C,Lethal,
lowP.fasta,FWR2,14,D,Lethal,
lowP.fasta,FWR2,14,E,Neutral,
lowP.fasta,FWR2,14,F,Neutral,
lowP.fasta,FWR2,14,H,Lethal,
lowP.fasta,FWR2,14,I,Lethal,
lowP.fasta,FWR2,14,K,Neutral,
lowP.fasta,FWR2,14,N,Neutral,
lowP.fasta,FWR2,14,Q,Lethal,
lowP.fasta,FWR2,14,R,Lethal,
lowP.fasta,FWR2,14,S,Lethal,
lowP.fasta,FWR2,14,T,Neutral,
lowP.fasta,FWR2,14,Y,Neutral,
lowP.fasta,FWR2,15,.,Lethal,
lowP.fasta,FWR2,15,C,Neutral,
lowP.fasta,FWR2,15,D,Lethal,
lowP.fasta,FWR2,15,F,Lethal,
lowP.fasta,FWR2,15,H,Lethal,
lowP.fasta,FWR2,15,I,Neutral,
lowP.fasta,FWR2,15,K,Neutral,
lowP.fasta,FWR2,15,N,Neutral,
lowP.fasta,FWR2,15,S,Lethal,
lowP.fasta,FWR2,15,W,Neutral,
lowP.fasta,FWR2,15,Y,Neutral,
lowP.fasta,FWR2,16,.,Lethal,
lowP.fasta,FWR2,16,A,Neutral,
lowP.fasta,FWR2,16,E,Neutral,
lowP.fasta,FWR2,16,G,Lethal,
lowP.fasta,FWR2,16,L,Neutral,
lowP.fasta,FWR2,16,P,Lethal,
lowP.fasta,FWR2,16,S,Neutral,
lowP.fasta,FWR2,16,T,Lethal,
lowP.fasta,FWR2,16,V,Neutral,
lowP.fasta,FWR2,26,F,Lethal,
lowP.fasta,FWR2,26,W,Lethal,
lowP.fasta,FWR2,35,I,Lethal,
lowP.fasta,FWR2,32766,,Neutral,
lowP.fasta,FWR3,0,C,,
lowP.fasta,FWR3,0,F,,
lowP.fasta,FWR3,0,G,,
lowP.fasta,FWR3,0,I,Neutral,
lowP.fasta,FWR3,0,L,,
lowP.fasta,FWR3,0,M,Neutral,
lowP.fasta,FWR3,0,N,Lethal,
lowP.fasta,FWR3,0,R,Lethal,
lowP.fasta,FWR3,0,S,Neutral,
lowP.fasta,FWR3,0,T,Lethal,
lowP.fasta,FWR3,0,V,,
lowP.fasta,FWR3,0,Y,Lethal,
lowP.fasta,FWR3,1,A,Neutral,
lowP.fasta,FWR3,1,I,Lethal,
lowP.fasta,FWR3,1,N,Lethal,
lowP.fasta,FWR3,1,P,Lethal,
lowP.fasta,FWR3,1,S,Neutral,
lowP.fasta,FWR3,1,T,Neutral,
lowP.fasta,FWR3,2,A,Neutral,
lowP.fasta,FWR3,2,E,Neutral,
lowP.fasta,FWR3,2,G,Neutral,
lowP.fasta,FWR3,2,P,Lethal,
lowP.fasta,FWR3,2,S,Lethal,
lowP.fasta,FWR3,2,T,Neutral,
lowP.fasta,FWR3,2,V,Lethal,
lowP.fasta,FWR3,3,A,Neutral,
lowP.fasta,FWR3,3,D,Neutral,
lowP.fasta,FWR3,3,E,Neutral,
lowP.fasta,FWR3,3,G,Neutral,
lowP.fasta,FWR3,3,H,Neutral,
lowP.fasta,FWR3,3,N,Neutral,
lowP.fasta,FWR3,3,V,Lethal,
lowP.fasta,FWR3,3,Y,Lethal,
lowP.fasta,FWR3,4,.,Lethal,
lowP.fasta,FWR3,4,A,Lethal,
lowP.fasta,FWR3,4,D,Neutral,
lowP.fasta,FWR3,4,E,Neutral,
lowP.fasta,FWR3,4,G,Lethal,
lowP.fasta,FWR3,4,K,Neutral,
lowP.fasta,FWR3,4,Q,Neutral,
lowP.fasta,FWR3,4,V,Neutral,
lowP.fasta,FWR3,5,A,Neutral,
lowP.fasta,FWR3,5,C,Lethal,
lowP.fasta,FWR3,5,F,Neutral,
lowP.fasta,FWR3,5,P,Lethal,
lowP.fasta,FWR3,5,S,Neutral,
lowP.fasta,FWR3,5,T,Neutral,
lowP.fasta,FWR3,5,Y,Neutral,
lowP.fasta,FWR3,6,.,Lethal,
lowP.fasta,FWR3,6,A,Neutral,
lowP.fasta,FWR3,6,K,Neutral,
lowP.fasta,FWR3,6,M,Lethal,
lowP.fasta,FWR3,6,N,Neutral,
lowP.fasta,FWR3,6,P,Neutral,
lowP.fasta,FWR3,6,R,Lethal,
lowP.fasta,FWR3,6,S,Lethal,
lowP.fasta,FWR3,6,T,Neutral,
lowP.fasta,FWR3,7,C,Lethal,
lowP.fasta,FWR3,7,G,Neutral,
lowP.fasta,FWR3,7,I,Lethal,
lowP.fasta,FWR3,7,N,Lethal,
lowP.fasta,FWR3,7,R,Neutral,
lowP.fasta,FWR3,7,S,Neutral,
lowP.fasta,FWR3,7,T,Neutral,
lowP.fasta,FWR3,8,A,Neutral,
lowP.fasta,FWR3,8,G,Lethal,
lowP.fasta,FWR3,8,I,Lethal,
lowP.fasta,FWR3,8,K,Neutral,
lowP.fasta,FWR3,8,P,Lethal,
lowP.fasta,FWR3,8,R,Lethal,
lowP.fasta,FWR3,8,S,Lethal,
lowP.fasta,FWR3,8,T,Neutral,
lowP.fasta,FWR3,9,A,Neutral,
lowP.fasta,FWR3,9,D,Neutral,
lowP.fasta,FWR3,9,G,Lethal,
lowP.fasta,FWR3,9,P,Neutral,
lowP.fasta,FWR3,9,S,Neutral,
lowP.fasta,FWR3,9,T,Lethal,
lowP.fasta,FWR3,9,V,Neutral,
lowP.fasta,FWR3,10,.,Lethal,
lowP.fasta,FWR3,10,C,Neutral,
lowP.fasta,FWR3,10,D,Lethal,
lowP.fasta,FWR3,10,F,Lethal,
lowP.fasta,FWR3,10,H,Lethal,
lowP.fasta,FWR3,10,N,Neutral,
lowP.fasta,FWR3,10,S,Neutral,
lowP.fasta,FWR3,10,Y,Neutral,
lowP.fasta,FWR3,11,I,Neutral,
lowP.fasta,FWR3,11,K,Neutral,
lowP.fasta,FWR3,11,L,Neutral,
lowP.fasta,FWR3,11,M,Neutral,
lowP.fasta,FWR3,11,R,Lethal,
lowP.fasta,FWR3,11,T,Neutral,
lowP.fasta,FWR3,11,V,Neutral,
lowP.fasta,FWR3,12,.,Lethal,
lowP.fasta,FWR3,12,A,Neutral,
lowP.fasta,FWR3,12,D,Neutral,
lowP.fasta,FWR3,12,E,Neutral,
lowP.fasta,FWR3,12,G,Neutral,
lowP.fasta,FWR3,12,K,Lethal,
lowP.fasta,FWR3,12,L,Lethal,
lowP.fasta,FWR3,12,Q,Neutral,
lowP.fasta,FWR3,12,V,Lethal,
lowP.fasta,FWR3,13,L,Neutral,
lowP.fasta,FWR3,13,M,Neutral,
lowP.fasta,FWR3,13,P,Lethal,
lowP.fasta,FWR3,13,Q,Lethal,
lowP.fasta,FWR3,13,R,Neutral,
lowP.fasta,FWR3,13,V,Lethal,
lowP.fasta,FWR3,14,C,Lethal,
lowP.fasta,FWR3,14,G,Lethal,
lowP.fasta,FWR3,14,I,Neutral,
lowP.fasta,FWR3,14,N,Lethal,
lowP.fasta,FWR3,14,R,Neutral,
lowP.fasta,FWR3,14,S,Neutral,
lowP.fasta,FWR3,14,T,Neutral,
lowP.fasta,FWR3,15,C,Lethal,
lowP.fasta,FWR3,15,G,Lethal,
lowP.fasta,FWR3,15,H,Lethal,
lowP.fasta,FWR3,15,I,Lethal,
lowP.fasta,FWR3,15,N,Lethal,
lowP.fasta,FWR3,15,R,Neutral,
lowP.fasta,FWR3,15,S,Neutral,
lowP.fasta,FWR3,15,T,Lethal,
lowP.fasta,FWR3,16,L,Neutral,
lowP.fasta,FWR3,16,M,Neutral,
lowP.fasta,FWR3,16,P,Lethal,
lowP.fasta,FWR3,16,Q,Neutral,
lowP.fasta,FWR3,16,R,Lethal,
lowP.fasta,FWR3,16,V,Lethal,
lowP.fasta,FWR3,17,.,Lethal,
lowP.fasta,FWR3,17,C,Lethal,
lowP.fasta,FWR3,17,G,Neutral,
lowP.fasta,FWR3,17,I,Lethal,
lowP.fasta,FWR3,17,K,Neutral,
lowP.fasta,FWR3,17,N,Neutral,
lowP.fasta,FWR3,17,R,Neutral,
lowP.fasta,FWR3,17,S,Neutral,
lowP.fasta,FWR3,17,T,Lethal,
lowP.fasta,FWR3,18,A,Neutral,
lowP.fasta,FWR3,18,C,Lethal,
lowP.fasta,FWR3,18,F,Neutral,
lowP.fasta,FWR3,18,P,Lethal,
lowP.fasta,FWR3,18,S,Neutral,
lowP.fasta,FWR3,18,T,Lethal,
lowP.fasta,FWR3,18,Y,Neutral,
lowP.fasta,FWR3,19,.,Lethal,
lowP.fasta,FWR3,19,A,Neutral,
lowP.fasta,FWR3,19,D,Lethal,
lowP.fasta,FWR3,19,E,Neutral,
lowP.fasta,FWR3,19,G,Lethal,
lowP.fasta,FWR3,19,K,Lethal,
lowP.fasta,FWR3,19,Q,Neutral,
lowP.fasta,FWR3,19,V,Neutral,
lowP.fasta,FWR3,20,A,Neutral,
lowP.fasta,FWR3,20,D,Neutral,
lowP.fasta,FWR3,20,E,Neutral,
lowP.fasta,FWR3,20,G,Neutral,
lowP.fasta,FWR3,20,H,Neutral,
lowP.fasta,FWR3,20,N,Lethal,
lowP.fasta,FWR3,20,V,Lethal,
lowP.fasta,FWR3,20,Y,Neutral,
lowP.fasta,FWR3,21,A,Neutral,
lowP.fasta,FWR3,21,K,Lethal,
lowP.fasta,FWR3,21,M,Lethal,
lowP.fasta,FWR3,21,P,Lethal,
lowP.fasta,FWR3,21,R,Neutral,
lowP.fasta,FWR3,21,S,Neutral,
lowP.fasta,FWR3,21,T,Neutral,
lowP.fasta,FWR3,22,A,Neutral,
lowP.fasta,FWR3,22,D,Lethal,
lowP.fasta,FWR3,22,G,Neutral,
lowP.fasta,FWR3,22,P,Lethal,
lowP.fasta,FWR3,22,S,Lethal,
lowP.fasta,FWR3,22,T,Lethal,
lowP.fasta,FWR3,22,V,Neutral,
lowP.fasta,FWR3,23,A,Neutral,
lowP.fasta,FWR3,23,I,Neutral,
lowP.fasta,FWR3,23,K,Lethal,
lowP.fasta,FWR3,23,N,Neutral,
lowP.fasta,FWR3,23,P,Lethal,
lowP.fasta,FWR3,23,R,Lethal,
lowP.fasta,FWR3,23,S,Lethal,
lowP.fasta,FWR3,23,T,Neutral,
lowP.fasta,FWR3,24,.,Lethal,
lowP.fasta,FWR3,24,C,Neutral,
lowP.fasta,FWR3,24,D,Neutral,
lowP.fasta,FWR3,24,F,Lethal,
lowP.fasta,FWR3,24,H,Lethal,
lowP.fasta,FWR3,24,N,Neutral,
lowP.fasta,FWR3,24,S,Lethal,
lowP.fasta,FWR3,24,Y,Neutral,
lowP.fasta,FWR3,25,C,Lethal,
lowP.fasta,FWR3,25,F,Neutral,
lowP.fasta,FWR3,25,I,Lethal,
lowP.fasta,FWR3,25,L,Neutral,
lowP.fasta,FWR3,25,S,Neutral,
lowP.fasta,FWR3,25,V,Neutral,
lowP.fasta,FWR3,25,Y,Lethal,
lowP.fasta,FWR3,26,.,Lethal,
lowP.fasta,FWR3,26,C,Neutral,
lowP.fasta,FWR3,26,F,Neutral,
lowP.fasta,FWR3,26,G,Lethal,
lowP.fasta,FWR3,26,R,Lethal,
lowP.fasta,FWR3,26,S,Neutral,
lowP.fasta,FWR3,26,W,Neutral,
lowP.fasta,FWR3,26,Y,Lethal,
lowP.fasta,FWR3,27,A,Neutral,
lowP.fasta,FWR3,27,D,Neutral,
lowP.fasta,FWR3,27,E,Neutral,
lowP.fasta,FWR3,27,G,Lethal,
lowP.fasta,FWR3,27,P,Lethal,
lowP.fasta,FWR3,27,S,Lethal,
lowP.fasta,FWR3,27,T,Lethal,
lowP.fasta,FWR3,27,V,Lethal,
lowP.fasta,FWR3,28,C,Lethal,
lowP.fasta,FWR3,28,G,Lethal,
lowP.fasta,FWR3,28,H,Lethal,
lowP.fasta,FWR3,28,I,Lethal,
lowP.fasta,FWR3,28,K,Neutral,
lowP.fasta,FWR3,28,N,Lethal,
lowP.fasta,FWR3,28,R,Neutral,
lowP.fasta,FWR3,28,S,Neutral,
lowP.fasta,FWR3,28,T,Neutral,
lowP.fasta,FWR3,29,A,Neutral,
lowP.fasta,FWR3,29,C,Neutral,
lowP.fasta,FWR3,29,D,Neutral,
lowP.fasta,FWR3,29,G,Neutral,
lowP.fasta,FWR3,29,R,Lethal,
lowP.fasta,FWR3,29,S,Lethal,
lowP.fasta,FWR3,29,V,Neutral,
lowP.fasta,FWR3,29,W,Lethal,
lowP.fasta,FWR3,29,Y,Neutral,
lowP.fasta,FWR3,30,A,Neutral,
lowP.fasta,FWR3,30,E,Lethal,
lowP.fasta,FWR3,30,G,Lethal,
lowP.fasta,FWR3,30,I,Neutral,
lowP.fasta,FWR3,30,L,Lethal,
lowP.fasta,FWR3,30,V,Neutral,
lowP.fasta,FWR3,31,A,Neutral,
lowP.fasta,FWR3,31,E,Neutral,
lowP.fasta,FWR3,31,G,Lethal,
lowP.fasta,FWR3,31,P,Lethal,
lowP.fasta,FWR3,31,S,Lethal,
lowP.fasta,FWR3,31,T,Neutral,
lowP.fasta,FWR3,31,V,Neutral,
lowP.fasta,FWR3,32,A,Neutral,
lowP.fasta,FWR3,32,C,Neutral,
lowP.fasta,FWR3,32,D,Neutral,
lowP.fasta,FWR3,32,G,Neutral,
lowP.fasta,FWR3,32,R,Lethal,
lowP.fasta,FWR3,32,S,Lethal,
lowP.fasta,FWR3,32,V,Neutral,
lowP.fasta,FWR3,33,.,Lethal,
lowP.fasta,FWR3,33,C,Lethal,
lowP.fasta,FWR3,33,D,Lethal,
lowP.fasta,FWR3,33,F,Lethal,
lowP.fasta,FWR3,33,H,Neutral,
lowP.fasta,FWR3,33,N,Lethal,
lowP.fasta,FWR3,33,P,Lethal,
lowP.fasta,FWR3,33,R,Lethal,
lowP.fasta,FWR3,33,S,Neutral,
lowP.fasta,FWR3,33,Y,Neutral,
lowP.fasta,FWR3,34,.,Lethal,
lowP.fasta,FWR3,34,C,Neutral,
lowP.fasta,FWR3,34,F,Neutral,
lowP.fasta,FWR3,34,G,Lethal,
lowP.fasta,FWR3,34,L,Lethal,
lowP.fasta,FWR3,34,R,Neutral,
lowP.fasta,FWR3,34,S,Lethal,
lowP.fasta,FWR3,34,W,Lethal,
lowP.fasta,FWR3,34,Y,Lethal,
lowP.fasta,FWR3,35,C,Lethal,
lowP.fasta,FWR3,35,G,Lethal,
lowP.fasta,FWR3,35,I,Lethal,
lowP.fasta,FWR3,35,N,Neutral,
lowP.fasta,FWR3,35,R,Lethal,
lowP.fasta,FWR3,35,S,Neutral,
lowP.fasta,FWR3,35,T,Lethal,
lowP.fasta,FWR3,36,.,Lethal,
lowP.fasta,FWR3,36,A,Lethal,
lowP.fasta,FWR3,36,D,Lethal,
lowP.fasta,FWR3,36,E,Neutral,
lowP.fasta,FWR3,36,G,Lethal,
lowP.fasta,FWR3,36,K,Neutral,
lowP.fasta,FWR3,36,Q,Lethal,
lowP.fasta,FWR3,36,V,Neutral,
lowP.fasta,FWR3,37,A,Lethal,
lowP.fasta,FWR3,37,K,Lethal,
lowP.fasta,FWR3,37,M,Lethal,
lowP.fasta,FWR3,37,P,Neutral,
lowP.fasta,FWR3,37,R,Neutral,
lowP.fasta,FWR3,37,S,Neutral,
lowP.fasta,FWR3,37,T,Neutral,
lowP.fasta,FWR3,32766,,Lethal,
lowP.fasta,FWR4,0,.,Lethal,
lowP.fasta,FWR4,0,A,Lethal,
lowP.fasta,FWR4,0,D,Neutral,
lowP.fasta,FWR4,0,E,Neutral,
lowP.fasta,FWR4,0,F,Lethal,
lowP.fasta,FWR4,0,G,Neutral,
lowP.fasta,FWR4,0,I,Neutral,
lowP.fasta,FWR4,0,K,Lethal,
lowP.fasta,FWR4,0,L,,
lowP.fasta,FWR4,0,M,,
lowP.fasta,FWR4,0,P,,
lowP.fasta,FWR4,0,Q,Lethal,
lowP.fasta,FWR4,0,R,Lethal,
lowP.fasta,FWR4,0,S,,
lowP.fasta,FWR4,0,T,Neutral,
lowP.fasta,FWR4,0,V,Neutral,
lowP.fasta,FWR4,0,W,Lethal,
lowP.fasta,FWR4,0,Y,,
lowP.fasta,FWR4,1,.,Lethal,
lowP.fasta,FWR4,1,A,Neutral,
lowP.fasta,FWR4,1,C,Lethal,
lowP.fasta,FWR4,1,D,Neutral,
lowP.fasta,FWR4,1,E,Lethal,
lowP.fasta,FWR4,1,G,Neutral,
lowP.fasta,FWR4,1,K,Lethal,
lowP.fasta,FWR4,1,L,Lethal,
lowP.fasta,FWR4,1,M,Neutral,
lowP.fasta,FWR4,1,P,Lethal,
lowP.fasta,FWR4,1,Q,Neutral,
lowP.fasta,FWR4,1,R,Lethal,
lowP.fasta,FWR4,1,S,Lethal,
lowP.fasta,FWR4,1,T,Lethal,
lowP.fasta,FWR4,1,V,Lethal,
lowP.fasta,FWR4,1,W,Lethal,
lowP.fasta,FWR4,2,.,Lethal,
lowP.fasta,FWR4,2,A,Lethal,
lowP.fasta,FWR4,2,D,Neutral,
lowP.fasta,FWR4,2,E,Lethal,
lowP.fasta,FWR4,2,G,Neutral,
lowP.fasta,FWR4,2,H,Neutral,
lowP.fasta,FWR4,2,I,Neutral,
lowP.fasta,FWR4,2,K,Neutral,
lowP.fasta,FWR4,2,L,Lethal,
lowP.fasta,FWR4,2,N,Lethal,
lowP.fasta,FWR4,2,P,Neutral,
lowP.fasta,FWR4,2,Q,Neutral,
lowP.fasta,FWR4,2,R,Neutral,
lowP.fasta,FWR4,2,S,Neutral,
lowP.fasta,FWR4,2,T,Lethal,
lowP.fasta,FWR4,2,V,Lethal,
lowP.fasta,FWR4,2,W,Lethal,
lowP.fasta,FWR4,2,Y,Neutral,
lowP.fasta,FWR4,3,.,Lethal,
lowP.fasta,FWR4,3,A,Neutral,
lowP.fasta,FWR4,3,C,Neutral,
lowP.fasta,FWR4,3,D,Lethal,
lowP.fasta,FWR4,3,E,Lethal,
lowP.fasta,FWR4,3,G,Neutral,
lowP.fasta,FWR4,3,K,Lethal,
lowP.fasta,FWR4,3,L,Lethal,
lowP.fasta,FWR4,3,M,Lethal,
lowP.fasta,FWR4,3,P,Lethal,
lowP.fasta,FWR4,3,Q,Neutral,
lowP.fasta,FWR4,3,R,Lethal,
lowP.fasta,FWR4,3,S,Lethal,
lowP.fasta,FWR4,3,T,Neutral,
lowP.fasta,FWR4,3,V,Lethal,
lowP.fasta,FWR4,3,W,Lethal,
lowP.fasta,FWR4,4,.,Lethal,
lowP.fasta,FWR4,4,A,Lethal,
lowP.fasta,FWR4,4,C,Neutral,
lowP.fasta,FWR4,4,D,Lethal,
lowP.fasta,FWR4,4,E,Lethal,
lowP.fasta,FWR4,4,F,Neutral,
lowP.fasta,FWR4,4,G,Neutral,
lowP.fasta,FWR4,4,H,Lethal,
lowP.fasta,FWR4,4,I,Lethal,
lowP.fasta,FWR4,4,K,Neutral,
lowP.fasta,FWR4,4,L,Lethal,
lowP.fasta,FWR4,4,M,Lethal,
lowP.fasta,FWR4,4,N,Neutral,
lowP.fasta,FWR4,4,P,Neutral,
lowP.fasta,FWR4,4,Q,Neutral,
lowP.fasta,FWR4,4,R,Neutral,
lowP.fasta,FWR4,4,S,Lethal,
lowP.fasta,FWR4,4,T,Lethal,
lowP.fasta,FWR4,4,Y,Neutral,
lowP.fasta,FWR4,5,.,Lethal,
lowP.fasta,FWR4,5,A,Neutral,
lowP.fasta,FWR4,5,C,Lethal,
lowP.fasta,FWR4,5,D,Neutral,
lowP.fasta,FWR4,5,E,Lethal,
lowP.fasta,FWR4,5,F,Neutral,
lowP.fasta,FWR4,5,G,Neutral,
lowP.fasta,FWR4,5,H,Neutral,
lowP.fasta,FWR4,5,I,Neutral,
lowP.fasta,FWR4,5,K,Neutral,
lowP.fasta,FWR4,5,L,Neutral,
lowP.fasta,FWR4,5,N,Lethal,
lowP.fasta,FWR4,5,P,Neutral,
lowP.fasta,FWR4,5,Q,Neutral,
lowP.fasta,FWR4,5,R,Lethal,
lowP.fasta,FWR4,5,S,Neutral,
lowP.fasta,FWR4,5,T,Lethal,
lowP.fasta,FWR4,5,V,Lethal,
lowP.fasta,FWR4,5,W,Lethal,
lowP.fasta,FWR4,5,Y,Lethal,
lowP.fasta,FWR4,6,.,Lethal,
lowP.fasta,FWR4,6,A,Lethal,
lowP.fasta,FWR4,6,C,Neutral,
lowP.fasta,FWR4,6,D,Neutral,
lowP.fasta,FWR4,6,E,Lethal,
lowP.fasta,FWR4,6,F,Neutral,
lowP.fasta,FWR4,6,G,Neutral,
lowP.fasta,FWR4,6,H,Lethal,
lowP.fasta,FWR4,6,I,Neutral,
lowP.fasta,FWR4,6,K,Neutral,
lowP.fasta,FWR4,6,L,Lethal,
lowP.fasta,FWR4,6,N,Neutral,
lowP.fasta,FWR4,6,P,Lethal,
lowP.fasta,FWR4,6,Q,Lethal,
lowP.fasta,FWR4,6,R,Neutral,
lowP.fasta,FWR4,6,S,Lethal,
lowP.fasta,FWR4,6,T,Neutral,
lowP.fasta,FWR4,6,V,Lethal,
lowP.fasta,FWR4,6,W,Lethal,
lowP.fasta,FWR4,6,Y,Lethal,
lowP.fasta,FWR4,7,.,Lethal,
lowP.fasta,FWR4,7,A,Lethal,
lowP.fasta,FWR4,7,C,Neutral,
lowP.fasta,FWR4,7,D,Lethal,
lowP.fasta,FWR4,7,E,Neutral,
lowP.fasta,FWR4,7,F,Lethal,
lowP.fasta,FWR4,7,G,Neutral,
lowP.fasta,FWR4,7,H,Neutral,
lowP.fasta,FWR4,7,I,Neutral,
lowP.fasta,FWR4,7,K,Neutral,
lowP.fasta,FWR4,7,L,Neutral,
lowP.fasta,FWR4,7,M,Lethal,
lowP.fasta,FWR4,7,N,Neutral,
lowP.fasta,FWR4,7,P,Neutral,
lowP.fasta,FWR4,7,Q,Neutral,
lowP.fasta,FWR4,7,R,Lethal,
lowP.fasta,FWR4,7,S,Neutral,
lowP.fasta,FWR4,7,T,Lethal,
lowP.fasta,FWR4,7,V,Lethal,
lowP.fasta,FWR4,7,W,Neutral,
lowP.fasta,FWR4,7,Y,Neutral,
lowP.fasta,FWR4,8,.,Lethal,
lowP.fasta,FWR4,8,A,Neutral,
lowP.fasta,FWR4,8,C,Lethal,
lowP.fasta,FWR4,8,D,Neutral,
lowP.fasta,FWR4,8,E,Lethal,
lowP.fasta,FWR4,8,F,Lethal,
lowP.fasta,FWR4,8,G,Neutral,
lowP.fasta,FWR4,8,H,Lethal,
lowP.fasta,FWR4,8,I,Lethal,
lowP.fasta,FWR4,8,L,Neutral,
lowP.fasta,FWR4,8,N,Lethal,
lowP.fasta,FWR4,8,P,Neutral,
lowP.fasta,FWR4,8,Q,Lethal,
lowP.fasta,FWR4,8,R,Neutral,
lowP.fasta,FWR4,8,S,Neutral,
lowP.fasta,FWR4,8,T,Lethal,
lowP.fasta,FWR4,8,V,Lethal,
lowP.fasta,FWR4,8,W,Neutral,
lowP.fasta,FWR4,8,Y,Lethal,
lowP.fasta,FWR4,9,.,Lethal,
lowP.fasta,FWR4,9,A,Lethal,
lowP.fasta,FWR4,9,C,Lethal,
lowP.fasta,FWR4,9,D,Neutral,
lowP.fasta,FWR4,9,E,Lethal,
lowP.fasta,FWR4,9,F,Lethal,
lowP.fasta,FWR4,9,G,Neutral,
lowP.fasta,FWR4,9,H,Lethal,
lowP.fasta,FWR4,9,I,Lethal,
lowP.fasta,FWR4,9,L,Neutral,
lowP.fasta,FWR4,9,M,Neutral,
lowP.fasta,FWR4,9,N,Lethal,
lowP.fasta,FWR4,9,P,Neutral,
lowP.fasta,FWR4,9,Q,Lethal,
lowP.fasta,FWR4,9,R,Lethal,
lowP.fasta,FWR4,9,S,Neutral,
lowP.fasta,FWR4,9,T,Lethal,
lowP.fasta,FWR4,9,V,Neutral,
lowP.fasta,FWR4,9,W,Neutral,
lowP.fasta,FWR4,10,A,Lethal,
lowP.fasta,FWR4,10,C,Neutral,
lowP.fasta,FWR4,10,D,Lethal,
lowP.fasta,FWR4,10,F,Neutral,
lowP.fasta,FWR4,10,G,Neutral,
lowP.fasta,FWR4,10,H,Lethal,
lowP.fasta,FWR4,10,I,Neutral,
lowP.fasta,FWR4,10,K,Neutral,
lowP.fasta,FWR4,10,L,Neutral,
lowP.fasta,FWR4,10,M,Neutral,
lowP.fasta,FWR4,10,N,Lethal,
lowP.fasta,FWR4,10,P,Neutral,
lowP.fasta,FWR4,10,Q,Lethal,
lowP.fasta,FWR4,10,R,Neutral,
lowP.fasta,FWR4,10,S,Neutral,
lowP.fasta,FWR4,10,T,Lethal,
lowP.fasta,FWR4,10,V,Lethal,
lowP.fasta,FWR4,10,W,Lethal,
lowP.fasta,FWR4,10,Y,Lethal,
